baseline_revision,python_source,sha256,import_roots,production_reference_matches,test_reference_matches,contract_reference_matches,proposed_owner_review_required,migration_status,workload_admission
f7843023394698a666bd16377aac1c0e13855795,clients/python/marklab_client.py,008e87867b93995e223dd239acd05aaa0d912afae75b311e9d49b67f6826deb4,__future__;copy;json;math;pathlib;subprocess;tempfile;typing,,clients/python/tests/test_client.py,docs/implementation/CANONICAL_SYMBOLS.md;docs/implementation/task-contracts/ARCH-INTEGRATION-01.md,library application / bounded H5AD ingestion,pending,existing caller fixtures; not yet individually admitted
f7843023394698a666bd16377aac1c0e13855795,workers/python/crc_spatial_outcome_statistics.py,3e99b5eed548aedbf9114c86b7eea4e7218136ed9a375456a79a71e67c6612ff,__future__;collections;itertools;math;random;statistics;typing,workers/python/marklab_crc_spatial_phenotype_outcome.py,tests/python/test_crc_spatial_outcome_statistics.py,docs/implementation/CANONICAL_SYMBOLS.md,library application; existing data/cohort/scientific owners,pending,existing caller fixtures; not yet individually admitted
f7843023394698a666bd16377aac1c0e13855795,workers/python/marklab_advanced3d_validation_worker.py,364c79740ed06155981e9591d94d4e79d45c37fe1a610b1586d5c9bc1b650c0a,gudhi;hashlib;json;math;numpy;scipy;sys,src/bin/marklab/spatial3d_model.rs,,docs/implementation/CANONICAL_SYMBOLS.md,marklab-spatial3d,pending,existing caller fixtures; not yet individually admitted
f7843023394698a666bd16377aac1c0e13855795,workers/python/marklab_arviz_psis_loo_worker.py,2f63df9bdd220424b725c58ab21dbcb6422a9ab69acd95ba49aefc296dc2a985,__future__;arviz;arviz_stats;hashlib;json;math;numpy;pathlib;sys;typing,src/bin/marklab/bayes/psis_loo.rs,,docs/implementation/CANONICAL_SYMBOLS.md,marklab-bayes,pending,existing caller fixtures; not yet individually admitted
f7843023394698a666bd16377aac1c0e13855795,workers/python/marklab_backend_doctor.py,a288097385a7c44859ab52772fb4ec97aff1c586baa4b97833e61f8ca9961c71,importlib;pathlib;re;sys;tomllib,src/bin/marklab/backend.rs,,docs/implementation/CANONICAL_SYMBOLS.md,runtime delivery; remove after final migration,pending,existing caller fixtures; not yet individually admitted
f7843023394698a666bd16377aac1c0e13855795,workers/python/marklab_ccazoo_bayesian_pcca_worker.py,e8d6bc2f5fcd779828334b57154181cbf4fda9bdf1557d5c5956b3b319963ab2,cca_zoo;hashlib;jax;json;math;numpy;numpyro;scipy;sys,src/bin/marklab/multimodal_model/paired.rs,,docs/implementation/CANONICAL_SYMBOLS.md,marklab-bayes,pending,existing caller fixtures; not yet individually admitted
f7843023394698a666bd16377aac1c0e13855795,workers/python/marklab_cellvit_cptac_results_adapter.py,667c6508568a3f3c7fc63f51643a270019f5d7c6eb766d89b02fa7ca4eb10522,__future__;argparse;cellvit;collections;csv;hashlib;heapq;json;math;numpy;os;pathlib;shapely;snappy;statistics;struct;torch;typing;unicodedata,workers/python/marklab_cellvit_joint_location_embedding_table.py;workers/python/marklab_cellvit_patient_local_fields.py;workers/python/marklab_crc_categorical_pair_patient.py,tests/cellvit_beta_binomial_input.rs;tests/python/test_marklab_cellvit_cptac_results_adapter.py,docs/implementation/CANONICAL_SYMBOLS.md;docs/implementation/VALIDATION_LEDGER.md,library application; existing data/cohort/scientific owners,pending,existing caller fixtures; not yet individually admitted
f7843023394698a666bd16377aac1c0e13855795,workers/python/marklab_cellvit_joint_location_embedding_table.py,69b5eb8e96938786c4bb32ca9fef118d7b105af13fb4a1dafd89d3921aaaa5fc,__future__;argparse;collections;csv;hashlib;json;marklab_cellvit_cptac_results_adapter;math;os;pathlib;shapely;typing,,tests/python/test_cellvit_joint_location_embedding_table.py,docs/implementation/CANONICAL_SYMBOLS.md,library application; existing data/cohort/scientific owners,pending,existing caller fixtures; not yet individually admitted
f7843023394698a666bd16377aac1c0e13855795,workers/python/marklab_cellvit_lgcp_adapter.py,6fbd6ea17e44ddbdf0c9aff656356148de78f9c0dba025c1a858c99c3c7058c0,__future__;argparse;csv;hashlib;json;math;os;pathlib;snappy;typing,,workers/python/test_marklab_cellvit_lgcp_adapter.py,docs/implementation/CANONICAL_SYMBOLS.md,library application; existing data/cohort/scientific owners,pending,existing caller fixtures; not yet individually admitted
f7843023394698a666bd16377aac1c0e13855795,workers/python/marklab_cellvit_patient_local_fields.py,be4edcc2c946c3a3d154497f721eb4ede1bf4fc5abeb147fbb037d1afbf2b502,__future__;argparse;concurrent;csv;hashlib;importlib;json;math;os;pathlib;shapely;shutil;subprocess;typing,,tests/python/test_cellvit_patient_local_fields.py,docs/implementation/CANONICAL_SYMBOLS.md,library application; existing data/cohort/scientific owners,pending,existing caller fixtures; not yet individually admitted
f7843023394698a666bd16377aac1c0e13855795,workers/python/marklab_cellvit_results_bundle.py,4693519d40b77aaa02c60746268294acfb61675637729bcf2384e867948895ff,__future__;argparse;hashlib;json;os;pathlib;sys;typing,,tests/cellvit_results_bundle.rs,docs/implementation/VALIDATION_LEDGER.md,library application; existing data/cohort/scientific owners,pending,existing caller fixtures; not yet individually admitted
f7843023394698a666bd16377aac1c0e13855795,workers/python/marklab_crc_categorical_pair_patient.py,bcfd190b1cbdf7ab62230d6a301607a6c936dc21ab68b5209bb9316a27a0b87a,__future__;argparse;concurrent;csv;hashlib;importlib;json;math;os;pathlib;shapely;struct;subprocess;typing,workers/python/marklab_crc_final_science_bundle.py,tests/python/test_crc_categorical_pair_patient.py;tests/python/test_crc_final_science_bundle.py,docs/implementation/CANONICAL_SYMBOLS.md;docs/implementation/VALIDATION_LEDGER.md,library application; existing data/cohort/scientific owners,pending,existing caller fixtures; not yet individually admitted
f7843023394698a666bd16377aac1c0e13855795,workers/python/marklab_crc_final_science_bundle.py,ad6dd056bc2434aadc888edb0f3b7da52038a987f5455c6dbd50eb049fab654a,__future__;argparse;csv;hashlib;json;math;os;pathlib;shutil;typing,,tests/python/test_crc_final_science_bundle.py,docs/implementation/CANONICAL_SYMBOLS.md;docs/implementation/VALIDATION_LEDGER.md,library application; existing data/cohort/scientific owners,pending,existing caller fixtures; not yet individually admitted
f7843023394698a666bd16377aac1c0e13855795,workers/python/marklab_crc_fingerprint_bundle.py,246c401b6b72358e6aafdd9dbe482fc5ab4cca14486831a694f37b428f13384f,__future__;argparse;csv;hashlib;json;math;os;pathlib;shutil;typing,,tests/python/test_crc_fingerprint_bundle.py,,library application; existing data/cohort/scientific owners,pending,existing caller fixtures; not yet individually admitted
f7843023394698a666bd16377aac1c0e13855795,workers/python/marklab_crc_graph_topology_final.py,017304006eee0aafea265610782f28749104b83eb8fbcbbbb25a1754e703e105,__future__;argparse;cellvit;csv;hashlib;json;math;numpy;pathlib;torch;typing,workers/python/marklab_cellvit_patient_local_fields.py;workers/python/marklab_crc_graph_topology_summary.py;workers/python/marklab_crc_witness_bottleneck_patient.py,tests/python/test_crc_graph_topology_final.py,docs/implementation/CANONICAL_SYMBOLS.md;docs/implementation/VALIDATION_LEDGER.md,marklab-topology,pending,existing caller fixtures; not yet individually admitted
f7843023394698a666bd16377aac1c0e13855795,workers/python/marklab_crc_graph_topology_summary.py,1aa48755505593238d8bd01334a853d12d319356f934cb195d55c683f934891d,__future__;argparse;csv;hashlib;importlib;itertools;json;math;numpy;os;pathlib;random;typing,workers/python/marklab_cellvit_patient_local_fields.py;workers/python/marklab_crc_categorical_pair_patient.py;workers/python/marklab_crc_sparse_fourier_patient.py;workers/python/marklab_gastric_cellvit_interim.py,tests/python/test_crc_graph_topology_summary.py,docs/implementation/CANONICAL_SYMBOLS.md;docs/implementation/VALIDATION_LEDGER.md,marklab-topology,pending,existing caller fixtures; not yet individually admitted
f7843023394698a666bd16377aac1c0e13855795,workers/python/marklab_crc_sparse_fourier_patient.py,dc3c60323f3fa87ca59ce42bbe662c2f4f074383c4d93a95f11ac9cdb4e988bc,__future__;argparse;concurrent;csv;hashlib;importlib;json;math;os;pathlib;subprocess;typing,,tests/python/test_crc_sparse_fourier_patient.py,docs/implementation/CANONICAL_SYMBOLS.md;docs/implementation/DECISIONS.md;docs/implementation/STATUS.md;docs/implementation/VALIDATION_LEDGER.md,library application; existing data/cohort/scientific owners,pending,existing caller fixtures; not yet individually admitted
f7843023394698a666bd16377aac1c0e13855795,workers/python/marklab_crc_spatial_phenotype_outcome.py,6262b8b17c6c90adf11a7ed3e410004dafe7899160230c8ce7b9056a61e06839,__future__;argparse;collections;crc_spatial_outcome_statistics;csv;hashlib;io;json;math;os;pathlib;shutil;statistics;sys;tarfile;tempfile;typing;xml;zipfile,,tests/python/test_crc_spatial_phenotype_outcome.py,docs/implementation/CANONICAL_SYMBOLS.md,library application; existing data/cohort/scientific owners,pending,existing caller fixtures; not yet individually admitted
f7843023394698a666bd16377aac1c0e13855795,workers/python/marklab_crc_witness_bottleneck_patient.py,2f73ea0b36d2ce223452c6c2a6acc01bf081fc70d089505ff382aebc8f8a9aef,__future__;argparse;concurrent;csv;hashlib;importlib;itertools;json;math;os;pathlib;random;subprocess;typing,workers/python/marklab_crc_final_science_bundle.py,tests/python/test_crc_final_science_bundle.py;tests/python/test_crc_witness_bottleneck_patient.py,docs/implementation/CANONICAL_SYMBOLS.md;docs/implementation/DECISIONS.md,library application; existing data/cohort/scientific owners,pending,existing caller fixtures; not yet individually admitted
f7843023394698a666bd16377aac1c0e13855795,workers/python/marklab_gastric_cellvit_interim.py,49be93d33a95d46c84a4c8e46a48e20a64d3d092e049ade2ecced04a7e36533e,__future__;argparse;cellvit;concurrent;csv;hashlib;importlib;json;math;numpy;os;pathlib;shutil;snappy;subprocess;sys;torch;typing,,tests/python/test_gastric_cellvit_interim.py,docs/implementation/CANONICAL_SYMBOLS.md,library application; existing data/cohort/scientific owners,pending,existing caller fixtures; not yet individually admitted
f7843023394698a666bd16377aac1c0e13855795,workers/python/marklab_generative_validation_worker.py,5e9ffbca3fffdd817388872e796b3ac82693d741b4cda482aa01c14049248270,hashlib;json;math;numpy;scipy;sys,src/bin/marklab/neural.rs,,docs/implementation/CANONICAL_SYMBOLS.md,marklab-sbi / marklab-simulation,pending,existing caller fixtures; not yet individually admitted
f7843023394698a666bd16377aac1c0e13855795,workers/python/marklab_gudhi_alpha3d_worker.py,328f7252491ef81b3a692c6516e73524ac64a4278f21921d8dc4fda54169e16b,gudhi;hashlib;json;math;numpy;sys,src/bin/marklab/spatial3d_model.rs,,docs/implementation/CANONICAL_SYMBOLS.md,marklab-topology,pending,existing caller fixtures; not yet individually admitted
f7843023394698a666bd16377aac1c0e13855795,workers/python/marklab_gudhi_alpha_persistence_worker.py,493a353c324de801e241cfe63273094005a985aa0619b79ff68aaec26d2e1382,gudhi;hashlib;json;math;scipy;sys,src/bin/marklab/topology/direct_commands.rs,,docs/implementation/CANONICAL_SYMBOLS.md,marklab-topology,pending,existing caller fixtures; not yet individually admitted
f7843023394698a666bd16377aac1c0e13855795,workers/python/marklab_gudhi_persistence_comparison_worker.py,ab0bdc6d4fb059b297d44bdbf2a5f0bd05fa898a015fdf944987b39882623e7a,gudhi;hashlib;itertools;json;math;sys,src/bin/marklab/topology/direct_commands.rs,,docs/implementation/CANONICAL_SYMBOLS.md,marklab-topology,pending,existing caller fixtures; not yet individually admitted
f7843023394698a666bd16377aac1c0e13855795,workers/python/marklab_gudhi_witness_bottleneck_worker.py,15e1dae22362a25ed79f56b078d149ad620d69f9cc72cb0b2a3c774019bbb912,gudhi;hashlib;json;math;sys,src/bin/marklab/topology/witness_bottleneck.rs,tests/python/test_gudhi_witness_bottleneck_worker.py,,marklab-topology,pending,existing caller fixtures; not yet individually admitted
f7843023394698a666bd16377aac1c0e13855795,workers/python/marklab_gudhi_witness_persistence_worker.py,966a8dc54e29c315622423c68d3b343c21d8d30d67341bcd43f0c941ef5fceba,gudhi;hashlib;json;math;sys,src/bin/marklab/topology/witness_persistence.rs;src/bin/marklab/topology/witness_stability.rs,,docs/implementation/CANONICAL_SYMBOLS.md,marklab-topology,pending,existing caller fixtures; not yet individually admitted
f7843023394698a666bd16377aac1c0e13855795,workers/python/marklab_jax_joint_pathology_worker.py,7b72867b372d19e2387c8f6f1b48795902a5c85197fb0aa4c9f7a3ca469fc90c,hashlib;jax;json;math;numpy;scipy;sys,src/bin/marklab/multimodal_model/robust.rs,,docs/implementation/CANONICAL_SYMBOLS.md,marklab-embeddings,pending,existing caller fixtures; not yet individually admitted
f7843023394698a666bd16377aac1c0e13855795,workers/python/marklab_jax_lddmm_landmark_worker.py,06409d6dd5783ffe119cff8060d70a7baa8d3bde2943a2d5ae868b477a901e8f,hashlib;jax;json;numpy;scipy;sys,src/bin/marklab/registration/lddmm_landmarks.rs,,docs/implementation/CANONICAL_SYMBOLS.md,registration / marklab-spatial3d,pending,existing caller fixtures; not yet individually admitted
f7843023394698a666bd16377aac1c0e13855795,workers/python/marklab_jax_modality_dropout_worker.py,3a4c95439d270033f430914d6e0c46199d08600e659febbb728d2c23b37e02b3,hashlib;jax;json;math;numpy;scipy;sys,src/bin/marklab/multimodal_model/robust.rs,,docs/implementation/CANONICAL_SYMBOLS.md,marklab-embeddings,pending,existing caller fixtures; not yet individually admitted
f7843023394698a666bd16377aac1c0e13855795,workers/python/marklab_jax_multiresolution_factor_worker.py,ebc8003dd68b19009d2a9f40756aef9823d41b3fe92f3cb7a571078d43f806e6,hashlib;jax;json;math;numpy;scipy;sys,src/bin/marklab/multimodal_model/multiresolution.rs,,docs/implementation/CANONICAL_SYMBOLS.md,marklab-embeddings,pending,existing caller fixtures; not yet individually admitted
f7843023394698a666bd16377aac1c0e13855795,workers/python/marklab_jax_neural_point_process_worker.py,880f5dbc27e88e13ab2ec05e001dcaddd08d0dddeab84953bcc34b68ccd59318,hashlib;jax;json;math;numpy;scipy;sys,src/bin/marklab/neural.rs,,docs/implementation/CANONICAL_SYMBOLS.md,marklab-sbi / marklab-simulation,pending,existing caller fixtures; not yet individually admitted
f7843023394698a666bd16377aac1c0e13855795,workers/python/marklab_jax_probabilistic_svf_worker.py,3b05e52910b4473f49a1763c9118d15bd33b580716e8807ba62dfb92d58405b0,hashlib;jax;json;math;numpy;scipy;sys,src/bin/marklab/registration/probabilistic_svf.rs,,docs/implementation/CANONICAL_SYMBOLS.md,registration / marklab-spatial3d,pending,existing caller fixtures; not yet individually admitted
f7843023394698a666bd16377aac1c0e13855795,workers/python/marklab_jax_scipy_tensor_factor_worker.py,174085740e954fe312be5823ec80f94032fe7f2e59baaf509315702f6e2d8880,hashlib;jax;json;math;numpy;scipy;sys,src/bin/marklab/multimodal_model/tensor.rs,,docs/implementation/CANONICAL_SYMBOLS.md,marklab-embeddings,pending,existing caller fixtures; not yet individually admitted
f7843023394698a666bd16377aac1c0e13855795,workers/python/marklab_jax_svf_registration_worker.py,b12c44b9f49c2a75f6d8c8bc76d338f1ff46e8345e94d0fb260f46ee5674d131,hashlib;jax;json;numpy;scipy;sys,src/bin/marklab/registration/svf.rs,,docs/implementation/CANONICAL_SYMBOLS.md,registration / marklab-spatial3d,pending,existing caller fixtures; not yet individually admitted
f7843023394698a666bd16377aac1c0e13855795,workers/python/marklab_mofapy2_matrix_factor_worker.py,32c721784c6816f163d854b76d2896df9dc918ce86d8c76d9bb6bca109bc7303,contextlib;h5py;hashlib;io;json;math;mofapy2;numpy;scipy;sys,src/bin/marklab/multimodal_model/matrix.rs,,docs/implementation/CANONICAL_SYMBOLS.md,marklab-embeddings,pending,existing caller fixtures; not yet individually admitted
f7843023394698a666bd16377aac1c0e13855795,workers/python/marklab_mofapy2_multiview_worker.py,f26b78ca1ed6b263cc482ecfc785a8055766dfc4531f274d30e82580c68b6d43,contextlib;h5py;hashlib;io;json;math;mofapy2;numpy;scipy;sys,src/bin/marklab/multimodal_model/matrix.rs,,docs/implementation/CANONICAL_SYMBOLS.md,marklab-embeddings,pending,existing caller fixtures; not yet individually admitted
f7843023394698a666bd16377aac1c0e13855795,workers/python/marklab_multimodal_validation_worker.py,aaff276787f7d3e116061e613a31e98eb2380f3c90aae67f27f59421649fec6f,hashlib;json;math;numpy;scipy;sys,src/bin/marklab/multimodal_model/validation.rs,,docs/implementation/CANONICAL_SYMBOLS.md,marklab-embeddings,pending,existing caller fixtures; not yet individually admitted
f7843023394698a666bd16377aac1c0e13855795,workers/python/marklab_numpy_replicated_arbitrary_window_multitype_lgcp_inferred_kernel_prior_calibration_worker.py,36ff21f7454a4719238d2a33a261ee4bef9b30ffe89baa0245002d41a30d7d4c,__future__;hashlib;importlib;json;math;numpy;pathlib;sys;typing,src/bin/marklab/bayes/replicated_arbitrary_window_multitype_lgcp_inferred_kernel_prior_calibration.rs,,,marklab-bayes,pending,existing caller fixtures; not yet individually admitted
f7843023394698a666bd16377aac1c0e13855795,workers/python/marklab_numpy_replicated_arbitrary_window_multitype_lgcp_prior_calibration_worker.py,9b2dc79c84ba33e0487afad67ba36dc6b92e8ad1b1b9b8803645df85457263fb,__future__;hashlib;importlib;json;math;numpy;pathlib;sys;typing,src/bin/marklab/bayes/replicated_arbitrary_window_multitype_lgcp_prior_calibration.rs,,,marklab-bayes,pending,existing caller fixtures; not yet individually admitted
f7843023394698a666bd16377aac1c0e13855795,workers/python/marklab_numpy_scipy_sbc_worker.py,5666bbdf945f677d1cf1a0c69d3898f16c6e29b09f8c0c61a9335c6c5adc7227,__future__;hashlib;json;math;numpy;pathlib;scipy;sys;typing,src/bin/marklab/bayes/sbc.rs,,docs/implementation/CANONICAL_SYMBOLS.md,marklab-bayes,pending,existing caller fixtures; not yet individually admitted
f7843023394698a666bd16377aac1c0e13855795,workers/python/marklab_numpyro_arbitrary_window_ipp_sbc_worker.py,921eac56f38fb7c3e822906c90dfaf52dc4e51209ad59433f97320ac68e0a8f8,__future__;arviz;hashlib;importlib;jax;json;math;numpy;numpyro;pathlib;sys;typing,src/bin/marklab/bayes/arbitrary_window_ipp_sbc.rs,,,marklab-bayes,pending,existing caller fixtures; not yet individually admitted
f7843023394698a666bd16377aac1c0e13855795,workers/python/marklab_numpyro_arbitrary_window_ipp_worker.py,3be7390554303e1f29330184121022de465e70973eb3b762b857e2eb8caef747,__future__;arviz;hashlib;importlib;jax;json;math;numpy;numpyro;pathlib;sys;typing,src/bin/marklab/bayes/arbitrary_window_ipp_agreement.rs,,docs/implementation/CANONICAL_SYMBOLS.md,marklab-bayes,pending,existing caller fixtures; not yet individually admitted
f7843023394698a666bd16377aac1c0e13855795,workers/python/marklab_numpyro_arbitrary_window_lgcp_sbc_worker.py,011dc068521d9fe9106e307d4ba956f613d65b01032b92e16c61bbe816c169d5,__future__;hashlib;importlib;jax;json;numpy;numpyro;pathlib;sys;typing,src/bin/marklab/bayes/arbitrary_window_lgcp_sbc.rs,,,marklab-bayes,pending,existing caller fixtures; not yet individually admitted
f7843023394698a666bd16377aac1c0e13855795,workers/python/marklab_numpyro_arbitrary_window_lgcp_worker.py,b7da12d8bda1c2786266f0b0526512de5574791da66b8dc0ec288654879df76c,__future__;hashlib;importlib;jax;json;numpyro;pathlib;sys;typing,src/bin/marklab/bayes/arbitrary_window_lgcp_agreement.rs,,,marklab-bayes,pending,existing caller fixtures; not yet individually admitted
f7843023394698a666bd16377aac1c0e13855795,workers/python/marklab_numpyro_beta_binomial_group_gender_sbc_worker.py,55fbe16e5dcdd12dfd9b3b5431a8721619b6100ec0ac088a6206f6cb8496d3fb,__future__;arviz;hashlib;importlib;jax;json;math;numpy;numpyro;pathlib;scipy;sys;typing,src/bin/marklab/bayes/beta_binomial_group_gender_sbc.rs,,docs/implementation/CANONICAL_SYMBOLS.md,marklab-bayes,pending,existing caller fixtures; not yet individually admitted
f7843023394698a666bd16377aac1c0e13855795,workers/python/marklab_numpyro_beta_binomial_group_gender_slide_hierarchy_sbc_worker.py,a41a3af655d46788cf8c49ba92d80b20d3183515a4dc03b9fcfdfac7f41a043a,__future__;arviz;hashlib;importlib;jax;json;math;numpy;numpyro;pathlib;scipy;sys;typing,src/bin/marklab/bayes/beta_binomial_group_gender_slide_sbc.rs,tests/bayes_beta_binomial_group_gender_slide_sbc_cli.rs,docs/implementation/CANONICAL_SYMBOLS.md,marklab-bayes,pending,existing caller fixtures; not yet individually admitted
f7843023394698a666bd16377aac1c0e13855795,workers/python/marklab_numpyro_beta_binomial_group_gender_slide_hierarchy_worker.py,b2158e79b924e9e7cd0f68e11f3806167efd2393fa13ee1272b487da0e9672d4,__future__;arviz;hashlib;importlib;jax;json;numpy;numpyro;pathlib;sys;typing,src/bin/marklab/bayes/beta_binomial_group_gender_slide_agreement.rs;src/bin/marklab/bayes/beta_binomial_group_gender_slide_sbc.rs;workers/python/marklab_numpyro_beta_binomial_group_gender_slide_hierarchy_sbc_worker.py,tests/bayes_beta_binomial_group_gender_slide_sbc_cli.rs,docs/implementation/CANONICAL_SYMBOLS.md,marklab-bayes,pending,existing caller fixtures; not yet individually admitted
f7843023394698a666bd16377aac1c0e13855795,workers/python/marklab_numpyro_beta_binomial_group_gender_worker.py,23e4f79ebe69bc138a1fa28f39a98aa1c616975c20adf89593680ef4315cc28b,__future__;arviz;hashlib;importlib;jax;json;numpy;numpyro;pathlib;sys;typing,src/bin/marklab/bayes/beta_binomial_group_gender_agreement.rs,,docs/implementation/CANONICAL_SYMBOLS.md,marklab-bayes,pending,existing caller fixtures; not yet individually admitted
f7843023394698a666bd16377aac1c0e13855795,workers/python/marklab_numpyro_beta_binomial_group_regression_sbc_worker.py,0551b0270e683cc815212503f7c84f18194ca5d64329082670a873a452a689a0,__future__;arviz;hashlib;importlib;jax;json;math;numpy;numpyro;pathlib;scipy;sys;typing,src/bin/marklab/bayes/beta_binomial_group_regression_sbc.rs,,docs/implementation/CANONICAL_SYMBOLS.md,marklab-bayes,pending,existing caller fixtures; not yet individually admitted
f7843023394698a666bd16377aac1c0e13855795,workers/python/marklab_numpyro_beta_binomial_group_regression_worker.py,cc9ec963712c79d6211d3899df25bf574584a0eb51a19c6c428bce74263fb3bf,__future__;arviz;hashlib;importlib;jax;json;numpy;numpyro;pathlib;sys;typing,src/bin/marklab/bayes/beta_binomial_group_regression_agreement.rs,,docs/implementation/CANONICAL_SYMBOLS.md,marklab-bayes,pending,existing caller fixtures; not yet individually admitted
f7843023394698a666bd16377aac1c0e13855795,workers/python/marklab_numpyro_beta_binomial_hierarchy_sbc_worker.py,b73bb03564361975ecfe5c38189bbdfe8f69e269eb03dd43e4f3daa0a5f5f199,__future__;arviz;hashlib;importlib;jax;json;math;numpy;numpyro;pathlib;scipy;sys;typing,src/bin/marklab/bayes/beta_binomial_hierarchy_sbc.rs,,docs/implementation/CANONICAL_SYMBOLS.md,marklab-bayes,pending,existing caller fixtures; not yet individually admitted
f7843023394698a666bd16377aac1c0e13855795,workers/python/marklab_numpyro_beta_binomial_hierarchy_worker.py,f83e05d22d8a789d6bba05612b4b4707fc4b00393d50d2a859a3c267fcfdad89,__future__;arviz;hashlib;importlib;jax;json;math;numpy;numpyro;pathlib;sys;typing,src/bin/marklab/bayes/beta_binomial_hierarchy_agreement.rs,,docs/implementation/CANONICAL_SYMBOLS.md,marklab-bayes,pending,existing caller fixtures; not yet individually admitted
f7843023394698a666bd16377aac1c0e13855795,workers/python/marklab_numpyro_conditional_multitype_mark_sbc_worker.py,a0a0a85ab9363fcb347f7000e6d4a548941c6b36ba0260c13a6449e1dfbbd2ac,__future__;arviz;hashlib;importlib;itertools;jax;json;math;numpy;numpyro;pathlib;scipy;sys;typing,src/bin/marklab/bayes/conditional_multitype_mark_sbc.rs,,,marklab-bayes,pending,existing caller fixtures; not yet individually admitted
f7843023394698a666bd16377aac1c0e13855795,workers/python/marklab_numpyro_conditional_multitype_mark_worker.py,6a4a908cbcc189ca667f7880b87045dc97ae02e730dc62e2cade28719c875ed3,__future__;arviz;hashlib;importlib;jax;json;math;numpy;numpyro;pathlib;sys;typing,src/bin/marklab/bayes/conditional_multitype_mark_agreement.rs;workers/python/marklab_numpyro_conditional_multitype_mark_sbc_worker.py,,,marklab-bayes,pending,existing caller fixtures; not yet individually admitted
f7843023394698a666bd16377aac1c0e13855795,workers/python/marklab_numpyro_correlated_replicated_arbitrary_window_multitype_lgcp_worker.py,b045184f9f27ea689e902f10e8c1d0bf5569d67c5a062a71d21e14cb78e9efbe,__future__;arviz;hashlib;importlib;jax;json;math;numpy;numpyro;pathlib;sys;typing,src/bin/marklab/bayes/correlated_replicated_arbitrary_window_multitype_lgcp.rs,,,marklab-bayes,pending,existing caller fixtures; not yet individually admitted
f7843023394698a666bd16377aac1c0e13855795,workers/python/marklab_numpyro_dirichlet_multinomial_group_sbc_worker.py,1734e4d92d129fba61e7e66fec2513e8da8799798467bbd9499a676e1723aee7,__future__;arviz;hashlib;importlib;jax;json;math;numpy;numpyro;pathlib;scipy;sys;typing,src/bin/marklab/bayes/dirichlet_multinomial_group_sbc.rs,,,marklab-bayes,pending,existing caller fixtures; not yet individually admitted
f7843023394698a666bd16377aac1c0e13855795,workers/python/marklab_numpyro_dirichlet_multinomial_group_worker.py,edaa1a14d0e9d703f4018571f836a4c9c8219c7ff46d539e4bd504b8a3ae2e9f,__future__;arviz;hashlib;importlib;jax;json;numpy;numpyro;pathlib;sys;typing,src/bin/marklab/bayes/dirichlet_multinomial_group_agreement.rs;workers/python/marklab_numpyro_dirichlet_multinomial_group_sbc_worker.py,,,marklab-bayes,pending,existing caller fixtures; not yet individually admitted
f7843023394698a666bd16377aac1c0e13855795,workers/python/marklab_numpyro_gridded_lgcp_sbc_worker.py,80e19b57cdfdb2ba0849c450a5382fb6958180ee1baae01dcd663862b0aa110a,__future__;arviz;hashlib;importlib;jax;json;math;numpy;numpyro;pathlib;scipy;sys;typing,src/bin/marklab/bayes/arbitrary_window_lgcp_sbc.rs;src/bin/marklab/bayes/gridded_lgcp_sbc.rs;workers/python/marklab_numpyro_arbitrary_window_lgcp_sbc_worker.py,,docs/implementation/CANONICAL_SYMBOLS.md,marklab-bayes,pending,existing caller fixtures; not yet individually admitted
f7843023394698a666bd16377aac1c0e13855795,workers/python/marklab_numpyro_gridded_lgcp_worker.py,23b1dc26e6c73d79948999e673f1c7b29303c0df2546ed3ca760f3a0eb00d3ef,__future__;arviz;hashlib;importlib;jax;json;math;numpy;numpyro;pathlib;sys;typing,src/bin/marklab/bayes/arbitrary_window_lgcp_agreement.rs;src/bin/marklab/bayes/gridded_lgcp_agreement.rs;workers/python/marklab_numpyro_arbitrary_window_lgcp_worker.py;workers/python/marklab_numpyro_gridded_lgcp_sbc_worker.py,,docs/implementation/CANONICAL_SYMBOLS.md,marklab-bayes,pending,existing caller fixtures; not yet individually admitted
f7843023394698a666bd16377aac1c0e13855795,workers/python/marklab_numpyro_hierarchical_sbc_worker.py,0e446d4f45f75bd40249b5fd812b50fa9df7a5361878507e3e5179729314b698,__future__;arviz;hashlib;importlib;jax;json;math;numpy;numpyro;pathlib;scipy;sys;typing,src/bin/marklab/bayes/hierarchical_sbc.rs,,docs/implementation/CANONICAL_SYMBOLS.md,marklab-bayes,pending,existing caller fixtures; not yet individually admitted
f7843023394698a666bd16377aac1c0e13855795,workers/python/marklab_numpyro_hierarchical_worker.py,62a5cfa43ad8a52fe46609cd4e3a17857c71a5622fefbb75051ed89435add1dd,__future__;arviz;hashlib;importlib;jax;json;math;numpy;numpyro;pathlib;sys;typing,src/bin/marklab/bayes/hierarchical_agreement.rs;workers/python/marklab_numpyro_hierarchical_sbc_worker.py,,docs/implementation/CANONICAL_SYMBOLS.md,marklab-bayes,pending,existing caller fixtures; not yet individually admitted
f7843023394698a666bd16377aac1c0e13855795,workers/python/marklab_numpyro_joint_replicated_location_embedding_worker.py,756cdb1741dbdb6b09e44ab2b553b5157906f167cf04acf8e696334d31272542,__future__;arviz;csv;hashlib;io;jax;json;math;numpy;numpyro;pathlib;sys;typing,src/bin/marklab/bayes/joint_replicated_location_embedding.rs,tests/python/test_joint_location_embedding_student_t.py,,marklab-bayes,pending,existing caller fixtures; not yet individually admitted
f7843023394698a666bd16377aac1c0e13855795,workers/python/marklab_numpyro_joint_replicated_location_mark_worker.py,606e9f449e478060f4aad6bd6d417472d4dfdcf16ceb24dd2cbc555e2c2feb4d,__future__;arviz;csv;hashlib;io;jax;json;math;numpy;numpyro;pathlib;sys;typing,src/bin/marklab/bayes/joint_replicated_location_mark.rs,,docs/implementation/VALIDATION_LEDGER.md,marklab-bayes,pending,existing caller fixtures; not yet individually admitted
f7843023394698a666bd16377aac1c0e13855795,workers/python/marklab_numpyro_replicated_arbitrary_window_lgcp_inferred_kernel_sbc_worker.py,d477e5aaf7cbeb59fc28e12dee159f48e60d7655a9bc72835dd5192751f610f4,__future__;arviz;hashlib;importlib;jax;json;math;numpy;numpyro;pathlib;scipy;sys;typing,src/bin/marklab/bayes/replicated_arbitrary_window_lgcp_inferred_kernel_sbc.rs,,,marklab-bayes,pending,existing caller fixtures; not yet individually admitted
f7843023394698a666bd16377aac1c0e13855795,workers/python/marklab_numpyro_replicated_arbitrary_window_lgcp_inferred_kernel_worker.py,7b0f18b9c41e1e81d3e1deb0eb2c5977e5ebcf4214a3b5cbaaad6d33fee4fa83,__future__;arviz;hashlib;importlib;jax;json;math;numpy;numpyro;pathlib;sys;typing,src/bin/marklab/bayes/replicated_arbitrary_window_lgcp_inferred_kernel_agreement.rs;workers/python/marklab_numpyro_replicated_arbitrary_window_lgcp_inferred_kernel_sbc_worker.py,,,marklab-bayes,pending,existing caller fixtures; not yet individually admitted
f7843023394698a666bd16377aac1c0e13855795,workers/python/marklab_numpyro_replicated_arbitrary_window_lgcp_sbc_worker.py,7a76e9fb1545f249cb1c089d4ab542f75d5bfb6fa793f8a0d4737c029a3cd6c4,__future__;arviz;hashlib;importlib;jax;json;math;numpy;numpyro;pathlib;scipy;sys;typing,src/bin/marklab/bayes/replicated_arbitrary_window_lgcp_sbc.rs,,,marklab-bayes,pending,existing caller fixtures; not yet individually admitted
f7843023394698a666bd16377aac1c0e13855795,workers/python/marklab_numpyro_replicated_arbitrary_window_lgcp_worker.py,e825e1793065d695ada0101400bdcd3cd2f1bbf6ad737c25ce5a17226da2073c,__future__;arviz;hashlib;importlib;jax;json;math;numpy;numpyro;pathlib;sys;typing,src/bin/marklab/bayes/replicated_arbitrary_window_lgcp_agreement.rs;workers/python/marklab_numpyro_replicated_arbitrary_window_lgcp_sbc_worker.py,,,marklab-bayes,pending,existing caller fixtures; not yet individually admitted
f7843023394698a666bd16377aac1c0e13855795,workers/python/marklab_numpyro_replicated_arbitrary_window_multitype_lgcp_inferred_kernel_sbc_worker.py,15c80f74a6579a70c452541433b916f118df0f5fec5077a44b94730cf9b04b79,__future__;arviz;hashlib;importlib;jax;json;math;numpy;numpyro;pathlib;sys;typing,src/bin/marklab/bayes/replicated_arbitrary_window_multitype_lgcp_inferred_kernel_sbc.rs,,docs/implementation/VALIDATION_LEDGER.md,marklab-bayes,pending,existing caller fixtures; not yet individually admitted
f7843023394698a666bd16377aac1c0e13855795,workers/python/marklab_numpyro_replicated_arbitrary_window_multitype_lgcp_inferred_kernel_worker.py,d352535ba75d08e09543ad342bf6b337b6b3ac2c9aa965352b0d11a84790a27b,__future__;arviz;hashlib;importlib;jax;json;math;numpy;numpyro;pathlib;sys;typing,src/bin/marklab/bayes/replicated_arbitrary_window_multitype_lgcp_inferred_kernel_agreement.rs;workers/python/marklab_numpyro_replicated_arbitrary_window_multitype_lgcp_inferred_kernel_sbc_worker.py,,,marklab-bayes,pending,existing caller fixtures; not yet individually admitted
f7843023394698a666bd16377aac1c0e13855795,workers/python/marklab_numpyro_replicated_arbitrary_window_multitype_lgcp_worker.py,c4637446673e39a281b36cbe554eacaaddaf0040b83343e8c660cd3e016d9812,__future__;arviz;hashlib;importlib;jax;json;math;numpy;numpyro;pathlib;sys;typing,src/bin/marklab/bayes/replicated_arbitrary_window_multitype_lgcp_numpyro.rs;workers/python/marklab_numpyro_correlated_replicated_arbitrary_window_multitype_lgcp_worker.py;workers/python/marklab_numpyro_replicated_arbitrary_window_multitype_lgcp_inferred_kernel_worker.py,,,marklab-bayes,pending,existing caller fixtures; not yet individually admitted
f7843023394698a666bd16377aac1c0e13855795,workers/python/marklab_numpyro_replicated_conditional_multitype_mark_sbc_worker.py,acafaab1f9054efd85a1bf93883a788355ebf088a10bfc64f102cf9bc9f7a7ad,__future__;arviz;hashlib;importlib;itertools;jax;json;math;numpy;numpyro;pathlib;scipy;sys;typing,src/bin/marklab/bayes/replicated_conditional_multitype_mark_sbc.rs,,,marklab-bayes,pending,existing caller fixtures; not yet individually admitted
f7843023394698a666bd16377aac1c0e13855795,workers/python/marklab_numpyro_replicated_conditional_multitype_mark_worker.py,06404e076c0847a06159f7ddc79918db6f303c76f41018ed1e667bdee0a769f6,__future__;arviz;hashlib;importlib;jax;json;math;numpy;numpyro;pathlib;sys;typing,src/bin/marklab/bayes/replicated_conditional_multitype_mark_numpyro.rs;workers/python/marklab_numpyro_replicated_conditional_multitype_mark_sbc_worker.py,,,marklab-bayes,pending,existing caller fixtures; not yet individually admitted
f7843023394698a666bd16377aac1c0e13855795,workers/python/marklab_numpyro_student_t_hierarchy_sbc_worker.py,d28a5fe102e9e65b3615915f916b2d6ec423e15519798962bc095352a221a5c1,__future__;arviz;hashlib;importlib;jax;json;math;numpy;numpyro;pathlib;scipy;sys;typing,src/bin/marklab/bayes/student_t_hierarchy_sbc.rs,,docs/implementation/CANONICAL_SYMBOLS.md;docs/implementation/VALIDATION_LEDGER.md,marklab-bayes,pending,existing caller fixtures; not yet individually admitted
f7843023394698a666bd16377aac1c0e13855795,workers/python/marklab_numpyro_student_t_hierarchy_worker.py,b535a27b733e0182fc2fbbe98f9443ae63b6551c0a5b1d3b65e0a3016ac777ec,__future__;arviz;hashlib;importlib;jax;json;numpy;numpyro;pathlib;sys;typing,src/bin/marklab/bayes/student_t_hierarchy_agreement.rs;workers/python/marklab_numpyro_student_t_hierarchy_sbc_worker.py,,docs/implementation/CANONICAL_SYMBOLS.md,marklab-bayes,pending,existing caller fixtures; not yet individually admitted
f7843023394698a666bd16377aac1c0e13855795,workers/python/marklab_pot_fused_gromov_worker.py,0ea27c78085b67b39e143e639f2fa83d18645cb8f94bbbf0b4d803a307005fb7,__future__;hashlib;json;math;numpy;ot;pathlib;sys;typing;warnings,src/bin/marklab/bayes/fused_gromov.rs,tests/durable_pot_project.rs,,registration / marklab-spatial3d,pending,existing caller fixtures; not yet individually admitted
f7843023394698a666bd16377aac1c0e13855795,workers/python/marklab_pot_partial_fgw_worker.py,b32a2f8a0320928f0b8bb6f3fcc729524638696095d6c54b5a151ba174061a20,__future__;hashlib;json;math;numpy;ot;pathlib;sys;typing;warnings,src/bin/marklab/bayes/partial_fused_gromov.rs,,,registration / marklab-spatial3d,pending,existing caller fixtures; not yet individually admitted
f7843023394698a666bd16377aac1c0e13855795,workers/python/marklab_pymc_anisotropic_gp3d_worker.py,68856c83dbf490a6c231752754df9f32289dfe6e587301c40ea0cb485ab57dd2,__future__;hashlib;json;math;numpy;pathlib;pymc;pytensor;sys;typing,src/bin/marklab/bayes/anisotropic_gp3d.rs,,docs/implementation/CANONICAL_SYMBOLS.md,marklab-bayes,pending,existing caller fixtures; not yet individually admitted
f7843023394698a666bd16377aac1c0e13855795,workers/python/marklab_pymc_arbitrary_window_ipp_spatial_ppc_worker.py,ba9cad64380729ab02a81c34be55bc02822cb6c0f296973977435ee0e479c1cf,__future__;hashlib;importlib;json;math;numpy;pathlib;pymc;sys;typing,src/bin/marklab/bayes/arbitrary_window_ipp_spatial_ppc.rs,,,marklab-bayes,pending,existing caller fixtures; not yet individually admitted
f7843023394698a666bd16377aac1c0e13855795,workers/python/marklab_pymc_arbitrary_window_lgcp_worker.py,36d0cca81f765a1df5d8ca6fab6e50e1c6cfdb5028433e10bb6b0317310c76a5,__future__;hashlib;importlib;json;math;numpy;pathlib;pymc;sys;typing,src/bin/marklab/bayes/arbitrary_window_lgcp_fit.rs;workers/python/marklab_numpyro_arbitrary_window_lgcp_sbc_worker.py;workers/python/marklab_numpyro_arbitrary_window_lgcp_worker.py,,,marklab-bayes,pending,existing caller fixtures; not yet individually admitted
f7843023394698a666bd16377aac1c0e13855795,workers/python/marklab_pymc_beta_binomial_group_gender_regression_worker.py,bb6fbd6888b1d902e5474206ed1353e0c44da562e43c80712f67476519d4fd0b,__future__;hashlib;json;math;numpy;pathlib;pymc;sys;typing,src/bin/marklab/bayes/beta_binomial_group_gender_regression.rs;workers/python/marklab_numpyro_beta_binomial_group_gender_sbc_worker.py;workers/python/marklab_numpyro_beta_binomial_group_gender_worker.py,,docs/implementation/CANONICAL_SYMBOLS.md,marklab-bayes,pending,existing caller fixtures; not yet individually admitted
f7843023394698a666bd16377aac1c0e13855795,workers/python/marklab_pymc_beta_binomial_group_gender_slide_hierarchy_worker.py,1c6bfc7f85ec652951b07cbe346bd9724484dde364c5ad9dfa24c9037b712ab8,__future__;collections;hashlib;json;math;numpy;pathlib;pymc;sys;typing,src/bin/marklab/bayes/beta_binomial_group_gender_slide_hierarchy.rs;workers/python/marklab_numpyro_beta_binomial_group_gender_slide_hierarchy_sbc_worker.py;workers/python/marklab_numpyro_beta_binomial_group_gender_slide_hierarchy_worker.py,,docs/implementation/CANONICAL_SYMBOLS.md,marklab-bayes,pending,existing caller fixtures; not yet individually admitted
f7843023394698a666bd16377aac1c0e13855795,workers/python/marklab_pymc_beta_binomial_group_regression_worker.py,6cea6a3043252c79cbd70f3c38ed9a60984a39720be44f9776b1ba0c00c26d97,__future__;hashlib;json;math;numpy;pathlib;pymc;sys;typing,src/bin/marklab/bayes/beta_binomial_group_regression.rs;workers/python/marklab_numpyro_beta_binomial_group_regression_sbc_worker.py;workers/python/marklab_numpyro_beta_binomial_group_regression_worker.py,,docs/implementation/CANONICAL_SYMBOLS.md,marklab-bayes,pending,existing caller fixtures; not yet individually admitted
f7843023394698a666bd16377aac1c0e13855795,workers/python/marklab_pymc_beta_binomial_hierarchy_worker.py,6f5109227d606e1bcf7b458560c826503ab44a4f894c25bba5d0829f45be369c,__future__;hashlib;json;math;numpy;pathlib;pymc;sys;typing,src/bin/marklab/bayes/beta_binomial_hierarchy.rs;workers/python/marklab_numpyro_beta_binomial_hierarchy_sbc_worker.py;workers/python/marklab_numpyro_beta_binomial_hierarchy_worker.py,,docs/implementation/CANONICAL_SYMBOLS.md,marklab-bayes,pending,existing caller fixtures; not yet individually admitted
f7843023394698a666bd16377aac1c0e13855795,workers/python/marklab_pymc_bym2_worker.py,ef98ae3dacd334a24ae736e5386c7e87b0fc9f88a33f9603ae070957e8cabc0a,__future__;hashlib;json;math;numpy;pathlib;pymc;sys;typing,src/bin/marklab/bayes/bym2.rs,,docs/implementation/CANONICAL_SYMBOLS.md,marklab-bayes,pending,existing caller fixtures; not yet individually admitted
f7843023394698a666bd16377aac1c0e13855795,workers/python/marklab_pymc_bym_worker.py,ddbcb6b1647e6b8d807054d256c0c444e140f76ff95e1fdfee062719743c2c58,__future__;hashlib;json;math;numpy;pathlib;pymc;sys;typing,src/bin/marklab/bayes/bym.rs,,docs/implementation/CANONICAL_SYMBOLS.md,marklab-bayes,pending,existing caller fixtures; not yet individually admitted
f7843023394698a666bd16377aac1c0e13855795,workers/python/marklab_pymc_conditional_multitype_mark_worker.py,636ddd32fd73e135bbac6a86cab58af17f2f8d860da02549a88963f487fc29d0,__future__;hashlib;json;math;numpy;pathlib;pymc;pytensor;sys;typing,src/bin/marklab/bayes/conditional_multitype_mark.rs;workers/python/marklab_numpyro_conditional_multitype_mark_sbc_worker.py;workers/python/marklab_numpyro_conditional_multitype_mark_worker.py,,docs/implementation/CANONICAL_SYMBOLS.md,marklab-bayes,pending,existing caller fixtures; not yet individually admitted
f7843023394698a666bd16377aac1c0e13855795,workers/python/marklab_pymc_dirichlet_multinomial_group_worker.py,c5bd007f4a3f7cd787baddfcbb9963d07a93d9eef21007a6f27ca3e23ae532fc,__future__;hashlib;json;math;numpy;pathlib;pymc;pytensor;sys;typing,src/bin/marklab/bayes/dirichlet_multinomial_group.rs;workers/python/marklab_numpyro_dirichlet_multinomial_group_sbc_worker.py;workers/python/marklab_numpyro_dirichlet_multinomial_group_worker.py,,docs/implementation/CANONICAL_SYMBOLS.md,marklab-bayes,pending,existing caller fixtures; not yet individually admitted
f7843023394698a666bd16377aac1c0e13855795,workers/python/marklab_pymc_gaussian_crossed_nested_hierarchy_worker.py,342479038aab6d3079a8d03fb32a37fe6a65106b61d695a803c8e403bacd3361,__future__;collections;hashlib;json;math;numpy;pathlib;pymc;sys;typing,src/bin/marklab/bayes/gaussian_crossed_nested_hierarchy.rs,,,marklab-bayes,pending,existing caller fixtures; not yet individually admitted
f7843023394698a666bd16377aac1c0e13855795,workers/python/marklab_pymc_gp_worker.py,5ab1f47bd71c4044391021767ee53472ade1072a3d3d4df97133e1ead17c809a,__future__;hashlib;json;math;numpy;pathlib;pymc;pytensor;sys;typing,src/bin/marklab/bayes/gp.rs,,docs/implementation/CANONICAL_SYMBOLS.md,marklab-bayes,pending,existing caller fixtures; not yet individually admitted
f7843023394698a666bd16377aac1c0e13855795,workers/python/marklab_pymc_gridded_lgcp_worker.py,d9e682d24f982d53e7b0528d6c905fd09c39b95a145330d66bbb4965de070c07,__future__;hashlib;json;math;numpy;pathlib;pymc;pytensor;sys;typing,src/bin/marklab/bayes/arbitrary_window_lgcp_fit.rs;src/bin/marklab/bayes/gridded_lgcp_fit.rs;workers/python/marklab_numpyro_arbitrary_window_lgcp_sbc_worker.py;workers/python/marklab_numpyro_arbitrary_window_lgcp_worker.py;workers/python/marklab_numpyro_gridded_lgcp_sbc_worker.py;workers/python/marklab_numpyro_gridded_lgcp_worker.py;workers/python/marklab_pymc_arbitrary_window_lgcp_worker.py,,docs/implementation/CANONICAL_SYMBOLS.md,marklab-bayes,pending,existing caller fixtures; not yet individually admitted
f7843023394698a666bd16377aac1c0e13855795,workers/python/marklab_pymc_hierarchical_worker.py,77bd3efdc44ebcb946d3c942e52d10011984f1c3e5a8524b34ef015847c0722e,__future__;hashlib;json;math;numpy;pathlib;pymc;sys;typing,src/bin/marklab/bayes/hierarchical.rs;workers/python/marklab_numpyro_hierarchical_worker.py,,docs/implementation/CANONICAL_SYMBOLS.md,marklab-bayes,pending,existing caller fixtures; not yet individually admitted
f7843023394698a666bd16377aac1c0e13855795,workers/python/marklab_pymc_hurdle_beta_binomial_group_worker.py,706973ccf45017c105d4d24db5a4859224269a834cdfeb6537112536e3f57690,__future__;hashlib;json;math;numpy;pathlib;pymc;pytensor;scipy;sys;typing;unicodedata,src/bin/marklab/bayes/hurdle_beta_binomial_group.rs,,docs/implementation/CANONICAL_SYMBOLS.md;docs/implementation/VALIDATION_LEDGER.md,marklab-bayes,pending,existing caller fixtures; not yet individually admitted
f7843023394698a666bd16377aac1c0e13855795,workers/python/marklab_pymc_inhomogeneous_poisson_worker.py,76f2f924308ad9b90f6d9479513feb25bd7d5a54475ed68b0f30c9b3e83e2e47,__future__;hashlib;json;math;numpy;pathlib;pymc;pytensor;sys;typing,src/bin/marklab/bayes/arbitrary_window_ipp_fit.rs;src/bin/marklab/bayes/inhomogeneous_poisson_fit.rs;workers/python/marklab_numpyro_arbitrary_window_ipp_sbc_worker.py;workers/python/marklab_numpyro_arbitrary_window_ipp_worker.py;workers/python/marklab_pymc_arbitrary_window_ipp_spatial_ppc_worker.py,,docs/implementation/CANONICAL_SYMBOLS.md,marklab-bayes,pending,existing caller fixtures; not yet individually admitted
f7843023394698a666bd16377aac1c0e13855795,workers/python/marklab_pymc_meta_analysis_worker.py,27613fef473f69ff49887e9213fa46a4781f36f0ba038b2d0419d623e48b3d56,__future__;hashlib;json;math;numpy;pathlib;pymc;sys;typing,src/bin/marklab/bayes/meta_analysis.rs,,docs/implementation/CANONICAL_SYMBOLS.md,marklab-bayes,pending,existing caller fixtures; not yet individually admitted
f7843023394698a666bd16377aac1c0e13855795,workers/python/marklab_pymc_multi_output_gp_worker.py,02700f30806d9d0ab6b104975826bc5daca3261abee2899407e470f51b434683,__future__;hashlib;json;math;numpy;pathlib;pymc;pytensor;sys;typing,src/bin/marklab/bayes/multi_output_gp.rs,,docs/implementation/CANONICAL_SYMBOLS.md,marklab-bayes,pending,existing caller fixtures; not yet individually admitted
f7843023394698a666bd16377aac1c0e13855795,workers/python/marklab_pymc_nonproportional_ordinal_group_site_worker.py,a94bca326502d7527cc5c4af915ea5fd7f2265f510192d91b27a7712d5058e6a,__future__;hashlib;json;math;numpy;pathlib;pymc;pytensor;sys;typing;unicodedata,src/bin/marklab/bayes/nonproportional_ordinal_group_site.rs,,,marklab-bayes,pending,existing caller fixtures; not yet individually admitted
f7843023394698a666bd16377aac1c0e13855795,workers/python/marklab_pymc_ordinal_group_site_hierarchy_worker.py,081aeea4fae7e1fd5a76a42547f8d995c0f565e53a9ab5eb7d46811ddf7a75da,__future__;hashlib;json;math;numpy;pathlib;pymc;sys;typing;unicodedata,src/bin/marklab/bayes/ordinal_group_site_hierarchy.rs,,,marklab-bayes,pending,existing caller fixtures; not yet individually admitted
f7843023394698a666bd16377aac1c0e13855795,workers/python/marklab_pymc_ordinal_group_worker.py,86bfe218d2b72f929124c200d41b1654daf2aa02e319cdbc6a195cb0bb805f55,__future__;hashlib;json;math;numpy;pathlib;pymc;sys;typing;unicodedata,src/bin/marklab/bayes/ordinal_group.rs,,docs/implementation/CANONICAL_SYMBOLS.md;docs/implementation/VALIDATION_LEDGER.md,marklab-bayes,pending,existing caller fixtures; not yet individually admitted
f7843023394698a666bd16377aac1c0e13855795,workers/python/marklab_pymc_replicated_arbitrary_window_lgcp_inferred_kernel_worker.py,eb348baa38bd6384b8daed186fcf9e8863ae9800ed8c2785195c3bc127ca1824,__future__;arviz;hashlib;importlib;json;math;numpy;pathlib;pymc;pytensor;sys;typing,src/bin/marklab/bayes/replicated_arbitrary_window_lgcp_inferred_kernel.rs;workers/python/marklab_numpyro_replicated_arbitrary_window_lgcp_inferred_kernel_sbc_worker.py;workers/python/marklab_numpyro_replicated_arbitrary_window_lgcp_inferred_kernel_worker.py,,,marklab-bayes,pending,existing caller fixtures; not yet individually admitted
f7843023394698a666bd16377aac1c0e13855795,workers/python/marklab_pymc_replicated_arbitrary_window_lgcp_worker.py,778b74a0ddc1f4ad780df205d95e31447bcaf5868b5ea8faba669688f25662a4,__future__;arviz;hashlib;json;math;numpy;pathlib;pymc;pytensor;sys;typing,src/bin/marklab/bayes/replicated_arbitrary_window_lgcp_fit.rs;workers/python/marklab_numpyro_replicated_arbitrary_window_lgcp_inferred_kernel_sbc_worker.py;workers/python/marklab_numpyro_replicated_arbitrary_window_lgcp_inferred_kernel_worker.py;workers/python/marklab_numpyro_replicated_arbitrary_window_lgcp_sbc_worker.py;workers/python/marklab_numpyro_replicated_arbitrary_window_lgcp_worker.py;workers/python/marklab_pymc_replicated_arbitrary_window_lgcp_inferred_kernel_worker.py,,,marklab-bayes,pending,existing caller fixtures; not yet individually admitted
f7843023394698a666bd16377aac1c0e13855795,workers/python/marklab_pymc_replicated_arbitrary_window_multitype_lgcp_inferred_kernel_worker.py,3f506fa578768ccec6b4b09ccf7c5fa05e2d59b0bcdff36ad4425bcb175004ff,__future__;arviz;hashlib;importlib;json;math;numpy;pathlib;pymc;pytensor;sys;typing,src/bin/marklab/bayes/replicated_arbitrary_window_multitype_lgcp_inferred_kernel.rs;workers/python/marklab_numpy_replicated_arbitrary_window_multitype_lgcp_inferred_kernel_prior_calibration_worker.py;workers/python/marklab_numpyro_correlated_replicated_arbitrary_window_multitype_lgcp_worker.py;workers/python/marklab_numpyro_replicated_arbitrary_window_multitype_lgcp_inferred_kernel_sbc_worker.py;workers/python/marklab_numpyro_replicated_arbitrary_window_multitype_lgcp_inferred_kernel_worker.py,,,marklab-bayes,pending,existing caller fixtures; not yet individually admitted
f7843023394698a666bd16377aac1c0e13855795,workers/python/marklab_pymc_replicated_arbitrary_window_multitype_lgcp_worker.py,6de751cd053685391066ce8057e1cdde61bea8b34e79c15b8c45ec0b2eb1dada,__future__;arviz;hashlib;json;math;numpy;pathlib;pymc;pytensor;sys;typing,src/bin/marklab/bayes/replicated_arbitrary_window_multitype_lgcp.rs;workers/python/marklab_numpy_replicated_arbitrary_window_multitype_lgcp_inferred_kernel_prior_calibration_worker.py;workers/python/marklab_numpy_replicated_arbitrary_window_multitype_lgcp_prior_calibration_worker.py;workers/python/marklab_numpyro_correlated_replicated_arbitrary_window_multitype_lgcp_worker.py;workers/python/marklab_numpyro_replicated_arbitrary_window_multitype_lgcp_inferred_kernel_sbc_worker.py;workers/python/marklab_numpyro_replicated_arbitrary_window_multitype_lgcp_inferred_kernel_worker.py;workers/python/marklab_numpyro_replicated_arbitrary_window_multitype_lgcp_worker.py;workers/python/marklab_pymc_replicated_arbitrary_window_multitype_lgcp_inferred_kernel_worker.py,,,marklab-bayes,pending,existing caller fixtures; not yet individually admitted
f7843023394698a666bd16377aac1c0e13855795,workers/python/marklab_pymc_replicated_conditional_multitype_mark_worker.py,56719416e0f9fbd31dcbd52bde04b6d4697eb91052038c3d5608dd1a943bf9dd,__future__;hashlib;json;math;numpy;pathlib;pymc;pytensor;sys;typing,src/bin/marklab/bayes/replicated_conditional_multitype_mark.rs;workers/python/marklab_numpyro_replicated_conditional_multitype_mark_sbc_worker.py;workers/python/marklab_numpyro_replicated_conditional_multitype_mark_worker.py,,,marklab-bayes,pending,existing caller fixtures; not yet individually admitted
f7843023394698a666bd16377aac1c0e13855795,workers/python/marklab_pymc_sar_worker.py,aeccac77b9ad6c17cd49752363d18423728c227309d390946af0f5b3ccc9c9cb,__future__;hashlib;json;math;numpy;pathlib;pymc;pytensor;sys;typing,src/bin/marklab/bayes/sar_fit.rs,,docs/implementation/CANONICAL_SYMBOLS.md;docs/implementation/STATUS.md,marklab-bayes,pending,existing caller fixtures; not yet individually admitted
f7843023394698a666bd16377aac1c0e13855795,workers/python/marklab_pymc_smc_worker.py,5a83abefaf241882433dd4a85efd4112c7c7dc6affefff96fce8f6b939ef58fd,__future__;hashlib;json;math;numpy;pathlib;pymc;sys;typing,src/bin/marklab/bayes/smc.rs,,docs/implementation/CANONICAL_SYMBOLS.md,marklab-bayes,pending,existing caller fixtures; not yet individually admitted
f7843023394698a666bd16377aac1c0e13855795,workers/python/marklab_pymc_spatial_latent_factor_worker.py,556820e5599c76a7428508a1ac2e9052ac8dd3e656fdcd3c120e93526a7852e7,contextlib;hashlib;io;json;math;numpy;pymc;pytensor;sys,src/bin/marklab/multimodal_model/spatial_latent.rs,,docs/implementation/CANONICAL_SYMBOLS.md,marklab-bayes,pending,existing caller fixtures; not yet individually admitted
f7843023394698a666bd16377aac1c0e13855795,workers/python/marklab_pymc_spatial_varying_coefficient_worker.py,28d0274db13ea6ca17330c1ba29ff9e909e5a9bba6b2c772287661d5ed710063,__future__;hashlib;json;math;numpy;pathlib;pymc;pytensor;sys;typing,src/bin/marklab/bayes/spatial_varying_coefficient.rs,,docs/implementation/CANONICAL_SYMBOLS.md,marklab-bayes,pending,existing caller fixtures; not yet individually admitted
f7843023394698a666bd16377aac1c0e13855795,workers/python/marklab_pymc_student_t_hierarchy_worker.py,baefa53ac26032c7e98a3afcd532a9c3aad736f00466bed59f8943e0327f863b,__future__;hashlib;json;math;numpy;pathlib;pymc;sys;typing,src/bin/marklab/bayes/student_t_hierarchy.rs;workers/python/marklab_numpyro_student_t_hierarchy_sbc_worker.py;workers/python/marklab_numpyro_student_t_hierarchy_worker.py,,docs/implementation/CANONICAL_SYMBOLS.md,marklab-bayes,pending,existing caller fixtures; not yet individually admitted
f7843023394698a666bd16377aac1c0e13855795,workers/python/marklab_pymc_variational_gp_worker.py,fa2cea9b64140105d9524aeee7f23c366bcd160a5a33b45571232620f72f8d79,__future__;hashlib;json;math;numpy;pathlib;pymc;sys;typing,src/bin/marklab/bayes/variational_gp.rs,,docs/implementation/CANONICAL_SYMBOLS.md,marklab-bayes,pending,existing caller fixtures; not yet individually admitted
f7843023394698a666bd16377aac1c0e13855795,workers/python/marklab_pymc_worker.py,52c8dd8868a8e39035a9ed91c2275a83a30ffeb522b968b3b36677e4145002c4,__future__;hashlib;json;math;numpy;pathlib;pymc;sys;typing,src/bin/marklab/bayes/normal_mean.rs,tests/durable_pymc_project.rs;tests/python_backend_runtime.rs,docs/implementation/CANONICAL_SYMBOLS.md,marklab-bayes,pending,existing caller fixtures; not yet individually admitted
f7843023394698a666bd16377aac1c0e13855795,workers/python/marklab_sbi_neural_estimators_worker.py,78f7e21ab1b7cdfeb732508bca8690341ef2cd7d9aad0ee0d9af31ae90ad7bef,contextlib;hashlib;io;json;numpy;sbi;scipy;sys;torch,src/bin/marklab/neural.rs,,docs/implementation/CANONICAL_SYMBOLS.md,marklab-sbi / marklab-simulation,pending,existing caller fixtures; not yet individually admitted
f7843023394698a666bd16377aac1c0e13855795,workers/python/marklab_schurch_codex_fingerprint_adapter.py,dc58fc26622fa15745e0f6e827794cc18750a5cffe40c91ebdc8fe6de8455bc2,__future__;argparse;csv;hashlib;json;math;os;pathlib;shutil,,tests/python/test_schurch_codex_fingerprint_adapter.py,,library application; existing data/cohort/scientific owners,pending,existing caller fixtures; not yet individually admitted
f7843023394698a666bd16377aac1c0e13855795,workers/python/marklab_schurch_codex_retrieval_summary.py,b84cf450cf0255a4cd31613758faefc018cd3eff29af31847ef46968968e36a9,__future__;argparse;csv;hashlib;importlib;json;math;numpy;os;pathlib;random;shutil;statistics,,tests/python/test_schurch_codex_retrieval_summary.py,,library application; existing data/cohort/scientific owners,pending,existing caller fixtures; not yet individually admitted
f7843023394698a666bd16377aac1c0e13855795,workers/python/marklab_scipy_advanced_bayes_worker.py,7c08cda17eb2f286088e551912e0e51356cc74dc8f496a503127d61b9c89b01b,hashlib;itertools;json;math;numpy;scipy;sys,src/bin/marklab/bayes_advanced.rs,,docs/implementation/CANONICAL_SYMBOLS.md;docs/implementation/VALIDATION_LEDGER.md,marklab-bayes,pending,existing caller fixtures; not yet individually admitted
f7843023394698a666bd16377aac1c0e13855795,workers/python/marklab_scipy_atlas_worker.py,d6075d7cbef6d1af34ca3f76da9f7b8a2964b315bc402b2ca6dda4e8aff04658,hashlib;json;math;numpy;scipy;sys,src/bin/marklab/registration/atlas.rs,,docs/implementation/CANONICAL_SYMBOLS.md,registration / marklab-spatial3d,pending,existing caller fixtures; not yet individually admitted
f7843023394698a666bd16377aac1c0e13855795,workers/python/marklab_scipy_causal_active_worker.py,e16972a2ae455fee54f734f33a5c1e51752833e0982ecb97cda668e594e6958e,hashlib;json;math;numpy;scipy;sys,src/bin/marklab/causal_model.rs,,docs/implementation/CANONICAL_SYMBOLS.md,marklab-causal,pending,existing caller fixtures; not yet individually admitted
f7843023394698a666bd16377aac1c0e13855795,workers/python/marklab_scipy_cell_patch_complementarity_worker.py,61c14f202812ace0392561ce1db70c1a2d99f4f2df58e0af1e1283e6d15de01b,__future__;hashlib;json;math;numpy;pathlib;scipy;sys;typing,src/bin/marklab/bayes/complementarity.rs;src/bin/marklab/project/cell_patch_complementarity.rs,tests/cell_patch_complementarity_project_cli.rs,,marklab-bayes,pending,existing caller fixtures; not yet individually admitted
f7843023394698a666bd16377aac1c0e13855795,workers/python/marklab_scipy_clone_models_worker.py,852be460284794634012c74d7c77bdb5bb9a478689495026770f75a955e8eb21,hashlib;json;math;numpy;scipy;sys,src/bin/marklab/spatial3d_model.rs,,docs/implementation/CANONICAL_SYMBOLS.md,marklab-simulation,pending,existing caller fixtures; not yet individually admitted
f7843023394698a666bd16377aac1c0e13855795,workers/python/marklab_scipy_deformation_biology_worker.py,af6d5b90e18af54f6eab518c0718dba548981a830474c7c02e2bbf05eb256f79,hashlib;json;numpy;scipy;sys,src/bin/marklab/spatial3d_model.rs,,docs/implementation/CANONICAL_SYMBOLS.md,registration / marklab-spatial3d,pending,existing caller fixtures; not yet individually admitted
f7843023394698a666bd16377aac1c0e13855795,workers/python/marklab_scipy_grouped_conformal_worker.py,f1b895383faee4d59d4c6dc91e9d08fbfddedfb412bbe7aa3139cf273a9a4b41,__future__;hashlib;json;math;numpy;pathlib;scipy;sys;typing,src/bin/marklab/bayes/grouped_conformal.rs,,,marklab-bayes,native: bounded parity and synthetic performance gates passed,EMB-CONFORMAL-01 / RUST-MIGRATION-01
f7843023394698a666bd16377aac1c0e13855795,workers/python/marklab_scipy_landmark_uncertainty_worker.py,a3de38736476f0f49d25c470cacc3335baefb59b38ad7703672500cc953392be,hashlib;json;math;numpy;scipy;sys,src/bin/marklab/registration/landmark_uncertainty.rs,,docs/implementation/CANONICAL_SYMBOLS.md,registration / marklab-spatial3d,pending,existing caller fixtures; not yet individually admitted
f7843023394698a666bd16377aac1c0e13855795,workers/python/marklab_scipy_late_fusion_worker.py,3ab7f775f5b078f8ed279dbde2b7020ddad6d4595db7774646dad987ecf26cb2,__future__;hashlib;json;math;numpy;pathlib;scipy;sys;typing,src/bin/marklab/bayes/late_fusion.rs,,,marklab-bayes,native: bounded parity and synthetic performance gates passed,EMB-LATE-FUSION-01 / RUST-MIGRATION-01 (three failed reference fits retained)
f7843023394698a666bd16377aac1c0e13855795,workers/python/marklab_scipy_mixture_of_experts_worker.py,3725fc4d3d098eb9984c27c974360e14008aeaa0b00df1a7c073e47958d756f0,__future__;hashlib;json;math;numpy;pathlib;scipy;sys;typing,src/bin/marklab/bayes/mixture_of_experts.rs,,,marklab-bayes,pending,existing caller fixtures; not yet individually admitted
f7843023394698a666bd16377aac1c0e13855795,workers/python/marklab_scipy_partial_transport_worker.py,210b79702c3a2dc08b410a154fc4c128eacbf09bdb0224a89805db11f71012d5,__future__;hashlib;json;math;numpy;pathlib;scipy;sys;typing,src/bin/marklab/bayes/transport.rs,,,registration / marklab-spatial3d,pending,existing caller fixtures; not yet individually admitted
f7843023394698a666bd16377aac1c0e13855795,workers/python/marklab_scipy_pcca_em_worker.py,5f0c1c86a64af2f120d8c5621a6545b3d994ebdc9a13afe8728cfb10738d9781,hashlib;json;math;numpy;scipy;sys,src/bin/marklab/multimodal_model/paired.rs,,docs/implementation/CANONICAL_SYMBOLS.md,marklab-bayes,pending,existing caller fixtures; not yet individually admitted
f7843023394698a666bd16377aac1c0e13855795,workers/python/marklab_scipy_point_set_generators_worker.py,518e4802dad584e0ccc832d6a61ba181024e3e75dba6dc8253395b8a5d8a45bc,hashlib;json;math;numpy;scipy;sys,src/bin/marklab/neural.rs,,docs/implementation/CANONICAL_SYMBOLS.md,marklab-simulation,pending,existing caller fixtures; not yet individually admitted
f7843023394698a666bd16377aac1c0e13855795,workers/python/marklab_scipy_prediction_calibration_worker.py,18207d4a02ed88a66795f28b82f6b7a78b8c56674236cb343e9173880815df14,__future__;hashlib;json;math;numpy;pathlib;scipy;sys;typing,src/bin/marklab/bayes/prediction_calibration.rs,,,marklab-bayes,native: bounded parity and synthetic performance gates passed,EMB-CALIBRATE-01 / RUST-MIGRATION-01 (two legacy cold failures retained)
f7843023394698a666bd16377aac1c0e13855795,workers/python/marklab_scipy_predictive_stacking_worker.py,1f9434001747edcd8b307a864776f54128eee92ad62403f9ab7c3610ec20b17b,__future__;hashlib;json;math;numpy;pathlib;scipy;sys;typing,src/bin/marklab/bayes/predictive_stacking.rs,,,marklab-bayes,pending,existing caller fixtures; not yet individually admitted
f7843023394698a666bd16377aac1c0e13855795,workers/python/marklab_scipy_prior_sensitivity_worker.py,7e9ae6ce163091b40d5129cec8238019942964106683d8f398630d09d2c8bc10,__future__;hashlib;json;math;numpy;pathlib;scipy;sys;typing,src/bin/marklab/bayes/prior_sensitivity.rs,,docs/implementation/CANONICAL_SYMBOLS.md,marklab-bayes,pending,existing caller fixtures; not yet individually admitted
f7843023394698a666bd16377aac1c0e13855795,workers/python/marklab_scipy_projected_variograms_worker.py,343205598ea9dce4b18b005cd759c7c5dd110e49ad20d932f45b5db4254ab4f0,__future__;hashlib;json;math;numpy;pathlib;scipy;sys;typing,src/bin/marklab/bayes/embedding_spatial.rs;src/bin/marklab/project/projected_embedding_variograms.rs,,docs/implementation/CANONICAL_SYMBOLS.md,marklab-bayes,pending,existing caller fixtures; not yet individually admitted
f7843023394698a666bd16377aac1c0e13855795,workers/python/marklab_scipy_pytensor_laplace_worker.py,7a2243b88d5c2451a476502a29c3cf6a7054c268edcd5b0df8bbda19516ef5c5,__future__;hashlib;json;math;numpy;pathlib;pytensor;scipy;sys;typing,src/bin/marklab/bayes/laplace.rs,,docs/implementation/CANONICAL_SYMBOLS.md,marklab-bayes,pending,existing caller fixtures; not yet individually admitted
f7843023394698a666bd16377aac1c0e13855795,workers/python/marklab_scipy_pytensor_pymc_inla_worker.py,18b5e32489da5569c0978165a709f0cf7096f69a6232f8ba412a411bcb27d3c7,__future__;hashlib;json;math;numpy;pathlib;pymc;pytensor;scipy;sys;typing,src/bin/marklab/bayes/inla.rs,,docs/implementation/CANONICAL_SYMBOLS.md,marklab-bayes,pending,existing caller fixtures; not yet individually admitted
f7843023394698a666bd16377aac1c0e13855795,workers/python/marklab_scipy_serial_stack_worker.py,163ea6164c64ada273debbcbb5e4fdefdf5b5850d90c79ab44069a05a22edb03,hashlib;json;math;numpy;scipy;sys,src/bin/marklab/spatial3d_model.rs,,docs/implementation/CANONICAL_SYMBOLS.md,registration / marklab-spatial3d,pending,existing caller fixtures; not yet individually admitted
f7843023394698a666bd16377aac1c0e13855795,workers/python/marklab_scipy_spatial_matrix_factor_worker.py,95f6a7cb62d22674883b790e63da1aa8a4f2a67dfd0333b6a74b3d6f4b092472,hashlib;json;math;numpy;scipy;sys,src/bin/marklab/multimodal_model/spatial_matrix.rs,,docs/implementation/CANONICAL_SYMBOLS.md,marklab-embeddings,pending,existing caller fixtures; not yet individually admitted
f7843023394698a666bd16377aac1c0e13855795,workers/python/marklab_scipy_strauss_pseudolikelihood_worker.py,388eae670988c7388e5abf2b5cf59f656982477a981f1553c953501c5ad83ca3,__future__;hashlib;json;math;numpy;pathlib;scipy;sys;typing,src/bin/marklab/bayes/strauss_pseudolikelihood.rs,,docs/implementation/CANONICAL_SYMBOLS.md,marklab-bayes,pending,existing caller fixtures; not yet individually admitted
f7843023394698a666bd16377aac1c0e13855795,workers/python/marklab_scipy_thomas_minimum_contrast_worker.py,d7a3c3bbeb5a625c0f5987400edc9503ef74f4c8fcf5b608ded3ac379b4e43ee,__future__;hashlib;json;math;numpy;pathlib;scipy;sys;typing,src/bin/marklab/bayes/thomas_minimum_contrast.rs,,docs/implementation/CANONICAL_SYMBOLS.md,marklab-bayes,pending,existing caller fixtures; not yet individually admitted
f7843023394698a666bd16377aac1c0e13855795,workers/python/marklab_simpleitk_nonrigid_worker.py,71e28b2a882ba7da87d470837fa173aa21e0b2e03895921d8693cfb2e4e91b9d,SimpleITK;contextlib;hashlib;io;json;numpy;sys,src/bin/marklab/registration/nonrigid.rs,,docs/implementation/CANONICAL_SYMBOLS.md,registration / marklab-spatial3d,pending,existing caller fixtures; not yet individually admitted
f7843023394698a666bd16377aac1c0e13855795,workers/python/marklab_skimage_raster_morphology_worker.py,ca440a8ea4416d4dda12c1cf7bf9ea038508e25b019b202ce0905c34161bc90c,hashlib;json;math;numpy;scipy;skimage;sys,src/bin/marklab/topology/direct_commands.rs,,docs/implementation/CANONICAL_SYMBOLS.md,marklab-topology,pending,existing caller fixtures; not yet individually admitted
f7843023394698a666bd16377aac1c0e13855795,workers/python/marklab_tcga_crc_coordinate_adapter.py,3031a951f8664aa0725a785c94f45590d02d685880579a5713854169d302e622,__future__;argparse;collections;csv;hashlib;json;math;os;pathlib;shutil,,tests/cellvit_crc_coordinate_input.rs,,library application; existing data/cohort/scientific owners,pending,existing caller fixtures; not yet individually admitted
f7843023394698a666bd16377aac1c0e13855795,workers/python/marklab_tcga_crc_coordinate_stability_adapter.py,e0d840075b2848106a7d248b175bbda05eff1b6fe10f3448684d586ef5f7df99,__future__;argparse;collections;csv;hashlib;json;math;os;pathlib;re;shutil,,tests/cellvit_crc_coordinate_stability_input.rs,,library application; existing data/cohort/scientific owners,pending,existing caller fixtures; not yet individually admitted
f7843023394698a666bd16377aac1c0e13855795,workers/python/marklab_tcga_crc_fingerprint_adapter.py,37cc5f899940799b651811ba855c4a318fe3e6e3abae13594547acdc957fa6cc,__future__;argparse;csv;hashlib;json;math;os;pathlib;tempfile;typing,,tests/cellvit_crc_fingerprint_input.rs,docs/implementation/CANONICAL_SYMBOLS.md,library application; existing data/cohort/scientific owners,pending,existing caller fixtures; not yet individually admitted
f7843023394698a666bd16377aac1c0e13855795,workers/python/marklab_tcga_crc_m2_fingerprint_adapter.py,42519cf655cbe1bf62b4ef911cc38314931fafce4916edb9b2662dfab880baab,__future__;argparse;csv;hashlib;json;math;os;pathlib;shutil,,tests/cellvit_crc_m2_fingerprint_input.rs,,library application; existing data/cohort/scientific owners,pending,existing caller fixtures; not yet individually admitted
f7843023394698a666bd16377aac1c0e13855795,workers/python/marklab_tcga_crc_m2_stability_summary.py,ae5617ff621a8d58dd8d8e47417c5b4affc69f020303801e6ddae47c3ddfd8c0,__future__;argparse;collections;csv;hashlib;json;math;os;pathlib;random;shutil,,tests/python/test_tcga_crc_m2_stability_summary.py,,library application; existing data/cohort/scientific owners,pending,existing caller fixtures; not yet individually admitted
f7843023394698a666bd16377aac1c0e13855795,workers/python/marklab_tcga_crc_m3_stability_summary.py,203d8182007d9581881440b1a8acb2f0bab4c39f018fd44f0a843f6560a9a94f,__future__;argparse;csv;hashlib;importlib;json;math;numpy;os;pathlib;shutil;statistics;typing,workers/python/marklab_schurch_codex_retrieval_summary.py;workers/python/marklab_tcga_crc_m4_stability_summary.py,tests/python/test_tcga_crc_m3_stability_summary.py,,library application; existing data/cohort/scientific owners,pending,existing caller fixtures; not yet individually admitted
f7843023394698a666bd16377aac1c0e13855795,workers/python/marklab_tcga_crc_m4_durable.py,8dffa7af5f6c06e2d915b5d78c0078c4b75e2647bd92a2a693ecece2ad5b2547,__future__;argparse;concurrent;csv;hashlib;json;math;os;pathlib;struct;subprocess;typing,,tests/python/test_tcga_crc_m4_durable.py,docs/implementation/CANONICAL_SYMBOLS.md;docs/implementation/STATUS.md,library application; existing data/cohort/scientific owners,pending,existing caller fixtures; not yet individually admitted
f7843023394698a666bd16377aac1c0e13855795,workers/python/marklab_tcga_crc_m4_fingerprint_adapter.py,bdd8f78d891cf43db766656f91b8995790a6ad296017d22fab634cef2358ff3e,__future__;argparse;csv;hashlib;json;math;os;pathlib;shutil,,tests/python/test_tcga_crc_m4_fingerprint_adapter.py,,library application; existing data/cohort/scientific owners,pending,existing caller fixtures; not yet individually admitted
f7843023394698a666bd16377aac1c0e13855795,workers/python/marklab_tcga_crc_m4_raw_spatial_input.py,edc93a74bf01376404e405ea543508de354fd32e86ea4a424654f53e5e7266ea,__future__;argparse;collections;csv;hashlib;importlib;json;math;numpy;os;pathlib;shutil,,tests/python/test_tcga_crc_m4_raw_spatial_input.py,,library application; existing data/cohort/scientific owners,pending,existing caller fixtures; not yet individually admitted
f7843023394698a666bd16377aac1c0e13855795,workers/python/marklab_tcga_crc_m4_stability_input.py,aa035c6d1dd68ec4c23bc91766fa4a525c2fbfa0a1b3390a039a33a5a5e79985,__future__;argparse;csv;hashlib;json;math;os;pathlib;shutil,,tests/python/test_tcga_crc_m4_stability_input.py,,library application; existing data/cohort/scientific owners,pending,existing caller fixtures; not yet individually admitted
f7843023394698a666bd16377aac1c0e13855795,workers/python/marklab_tcga_crc_m4_stability_summary.py,ce7e236ef521c573f14da7201a064c98cf4ad06857a48a426e36d53b1f5f67f4,__future__;argparse;csv;hashlib;importlib;json;math;numpy;os;pathlib;random;shutil;statistics,,tests/python/test_tcga_crc_m4_stability_summary.py,,library application; existing data/cohort/scientific owners,pending,existing caller fixtures; not yet individually admitted
f7843023394698a666bd16377aac1c0e13855795,workers/python/marklab_tcga_crc_m6_fingerprint_adapter.py,017aa50b46a7f5354044851e5edee5f7b4099832fa443c31451f3da9350602a9,__future__;argparse;csv;hashlib;json;math;os;pathlib;shutil,,tests/python/test_tcga_crc_m6_fingerprint_adapter.py,,library application; existing data/cohort/scientific owners,pending,existing caller fixtures; not yet individually admitted
f7843023394698a666bd16377aac1c0e13855795,workers/python/marklab_tcga_crc_raw_embedding_summary.py,27c1dbdeac65c7465f66399490d8131d2b28d46556611c05ed32ce238ffba1a7,__future__;argparse;csv;hashlib;importlib;json;math;numpy;os;pathlib;shutil;sys;torch,workers/python/marklab_tcga_crc_m3_stability_summary.py;workers/python/marklab_tcga_crc_m4_raw_spatial_input.py,tests/python/test_tcga_crc_raw_embedding_summary.py,,library application; existing data/cohort/scientific owners,pending,existing caller fixtures; not yet individually admitted
f7843023394698a666bd16377aac1c0e13855795,workers/python/marklab_tcga_crc_retrieval_summary.py,8545853cfb69548af6087eae41711141f95af46881d1731273fef84b0cbd3ca8,__future__;argparse;csv;hashlib;json;math;os;pathlib;random;tempfile;typing,,tests/cellvit_crc_retrieval_summary.rs,docs/implementation/CANONICAL_SYMBOLS.md,library application; existing data/cohort/scientific owners,pending,existing caller fixtures; not yet individually admitted
f7843023394698a666bd16377aac1c0e13855795,workers/python/marklab_topology_stability_worker.py,86113e253f6c1bcc6b4f0514cc6804da45c1e529205c460d1d392adba1d378cb,gudhi;hashlib;json;math;numpy;random;scipy;skimage;sys,src/bin/marklab/topology/direct_commands.rs,,docs/implementation/CANONICAL_SYMBOLS.md,marklab-topology,pending,existing caller fixtures; not yet individually admitted
f7843023394698a666bd16377aac1c0e13855795,workers/python/marklab_topology_validation_worker.py,bb2f86ad2f4c1dcb52ed40976c54bff7cbda9066aa1825efe4a1040d357d5ac7,gudhi;hashlib;json;math;numpy;scipy;skimage;sys,src/bin/marklab/topology/direct_commands.rs,,docs/implementation/CANONICAL_SYMBOLS.md,marklab-topology,pending,existing caller fixtures; not yet individually admitted
